content,target_type
baik sangat bantu,1
ok keren sekali,1
sangat bantu,1
ngune,1
bagus dan cocok untuk simpan yang kurang cukup,1
aplikasi ini sangat bantu untuk buat poster poster yang bagus,1
suka sekali dengan app ini moga makin maju,1
keren,1
lot sangat tidak di windows tidak di hp nang bangettt rasa pas ngedit di canva hp ken sekali saya bantingg arghhhh canvaa ayo kasih saya iphone biar tidak rasa betapa sangat amat amat lot aplikasi kamu ini,0
kok aplikasi canva saya tidak bisa di buka tanya,0
pokok keren,1
canva sangat bantu saya dalam siap tugas logo dan kreatifitas untuk ig kelas saran saya banyak lagi tamplet nya,1
bayak bugnya sekarang bagaimana siiii sudah tidak bagus dulu,0
bagus,1
simpel dan praktis saya suka apakah nya,1
benar canfa ini aplikasi bagus tetapi kalau mau ngedit itu kertas kurang lebar,1
bagus,1
ok,1
sangat bantu terima kasih sudah cipta ini,1
baru mau tes,1
bagus,1
bagus,1
saya sangat senang guna aplikasi ini tugas kantor jadi mudah untuk di kerja keeerreeenn laahh pokok,1
amazing,1
kereen desain yang guna untuk brbagai macam tuju,1
baik,1
fleksibel untuk hp dan komputer bikin enak buat ngedit,1
bagus,1
kasih dulu soal lum paham enak di aplikasi youcat,0
sangat bantu,1
keren sekali,1
mungkin di sini saya harus kembang bakat saya heheheh,1
bagus dana keren,1
keren pokok,1
aplikasi mantap coiii,1
sangat bagus cocok untuk buat poster dan edit foto terima kasih canva,1
bagus,1
mantap,1
bagus,1
kren,1
aplikasi bagus lengkap juga tetapi sygnya suka ngelag,1
jozzz,1
bagus,1
bagus tetapi turut saya apakah nya di naikin lagi ya kak kualitas nya,1
saya suka sekali canva,1
jelek karena tidak offline,0
cara mudah buat bagai macam desain tanpa harus download bagai apakah beda,1
sangat guna untuk bagai presentasi paling keren dan baik untuk mula,1
saya sangat puasss,1
aplikasi tidak jls untuk edit lambat sekali buat kesal saja padahal jaring bagus tetapi tetap saja lambat ck,0
gampang cara edit,1
ok,1
saya suka sangat karena praktis,1
mering kan bebas sekali,1
bagussss,1
apakah ini sangat bagus dan membantuu,1
aplikasi tidak jelas apa saja pro harus bayar terus pas sudah bayar bikin bagan sering nge freeze padahal saya ip aneh,0
keren,1
bagus,1
aplikasi sangat batu dalam edit,1
lumayan kadang mas ada bug,1
canfa the best aplikasi design,0
sangat praktis mudah guna dan buat design sesuai ide kita,1
kok aplikasi tidak bisa buka di hp ya tanya,0
mantap men tidak usah download sudah ada di google gratis cokk,1
aplikasi sangat bagus walau awal lumayan bingung,1
baik,1
bagusss syekaliiii,1
teh daun kelor yang di proses di dalam suhu ruang dengan tingkat suhu kisar drajat sehingga nutrisi yang ada pada daun kelor tetap jaga,1
sangat muas,1
untuk edit video tidak saran guna canva hasil jelek putus putus susah guna elemen lain dan lot benar benar bikin kecewa seru seru,0
sudah tahun akhir guna canva ok sekali sih buat edit foto video tugas buat media ajar dan lain fiturnya ok semua,1
bagus sekali,1
mau ngedit saja ribet,0
hei canva bisa tidak kembaliin pulsa saya tanya tanpa ada tuju untuk panjang main potong pulsa orang saja siij,0
sangat baik dan manfaat,1
template cv nya bagus bagus,1
dari bintang satu sampai tujuh,1
aplikasi nnya sangat bantu,1
kalau bisa kasi tutorial nya dong memang bagus ini apl nya tetapi tidak bisa cara makenya,1
bro ini bagus loch,1
bagus,1
puas sangat sama hasil,1
bagus,1
bagus,1
aplikasi juara,1
keren,1
is the best untuk mula,1
sangat cocok untuk mula dan seru,1
bagus dan bantu sangat,1
coba dulu,1
baik,1
apknya bagus saya suka dan hasil juga bagus tidak ada kurang,1
keren,1
jos,1
sangat baguss terima kasih yang buat aplikasi,1
belum paham cara buat theme dengan app ini,1
moga makin keren,1
good this is because i can pakai work faster,1
bagus,1
keren sangat pliss bisa buat design bajuu design posterr dan lainlainn,1
sangat bagus,1
bagus bagus seru seru sangat sangat bantu sekali,1
sumpah bantu sekali saat lagi urgent bikin poster buat izin canva solusi baik,1
gatau lah jangan tanya saya,1
sangat bagus,1
sangat bagua,1
baguss,1
sangat bantu,1
smart people always have a good choose,1
mantap,1
baik,0
sangatembantu,1
mntappppp,1
good,1
sukaaa bgtt bisa bantu kita buat tugasss,1
apknya bagus sangat guna untuk edit foto video buat logo buat poster dan lain lain dan sudah sedia template jadi jangan khawatir untuk yang tidak bisa buat logo poster edit foto dan video karena template nya banyak bagettt dan juga bagus terima kasihhh canvaaa,1
bagus bngtt apakah nya,1
nice,1
bagus banyak stiker dan templatenya jadi enak deh tidak usah repot ngedit sendiri,1
sumpah ini app bantu sekali buat poster dakwah,1
tks canva,1
baik lagi,1
bagus,1
keren,1
keren sekali,1
pikir kreatif,1
bagus sekali,1
luarbiasaa,1
very good,1
mantap,1
lumayan bagus,1
mudah sekali untuk bikin materi,1
aplikasi bagus,1
sangat guna,1
disain mudah di paham,1
ok,1
saya sudah coba canva di leptop saya bagus sekali jadi saya donlod di hp,1
baru coba,1
bagus buat bikin tugas presentasi,1
puas bagus sangat,1
baik,1
good,1
cukup senang buat saya yang belum punya alam dalam desain gambar,1
p tolong ya fiturnya baik dengan benar edit pacar saya hilang semua jadi ngulang dari awal lagi iya kalau hanya ini bejibun kira tidak capai apa tanya bikin habis waktu saja,0
aplikasi baik,1
sangat bagus,1
baik,1
bagus tetapi agak ribet,1
canvany makin lama makin aneh masa unduh vidionyg sudah di edit tidak bisa bisa padahal saya sudah hapus semua apakah yang berat tetap tidak bisa sampai hari nunggu loading nya lama ngebug juga tidak jelas sumpah,1
sangat bagus tetapi harus lebih banyak pulih warna,1
ok ouyyyyz xg tidak f bu hi v i hjvh saya cuma bm nj,0
nugas bro jangan males,1
aplikasi nya baru di buka sudah buat saya kesal padahal jaring oke terus memori internal banyak tetapi tidak bisa di buka aplikasi selalu saja muncul tulis muat ulang,0
bagus,1
ok,1
tarik,1
i am very happy when trying and feeling how canva is developing nowadays especially in the ai aspect of itu if you could please improve the quality of the ai process for example on the image expansion feature which is still a little blurry when adding for multiple layers over and over again thank you,1
bagus cuma suka ngelag sedikit,1
terima kasih canva buat segala sesuatu jadi mudah,1
kini tak perlu sulit lagi kalau ingin buat walpaper stiker video kartu ucap dan bagai cukup canva saja di google play store,1
bagus,1
jossss,1
bagus sekali apakah nya saya suka,1
mntep,1
ngeriu,1
mantap,1
keren,1
tidak bisa login kntl,0
bagus,1
sudah lama menggunalan aplikasi canva tetapi minggu ini tidak bisa masuk mohon cerah min,1
bagus,1
veryy goodd bisa edit apa saja sini,1
moga manfaat terima kasih,1
oke,1
apakah lot,0
aplikasi canva sanggat bagus dan mudah saya untuk kerja tugas tugas saya,1
mantap,1
luar biasa jadi mudah edit foto vidio,1
bagus,1
terlalu lelet,0
saya izin saran supaya ada kembang untuk bisa warna font bisa gradiasi terima kasih kami desainer sangat bantu untuk hasil karya yang maksimal mengunakan canva,1
coba lebih baik,1
sangat bagus,1
tidak beguna,0
kerja bagus,1
dapat bantu,1
enak kerja kita bantu,1
keren,1
aplikasi sangat bantu sekali sukses terus canva,1
aplikasi yang sangat bantu selagi peraktis,1
bagus,0
mantap,1
bagus,1
bgis skli,1
keren,1
mantaaap,1
saya mau nambahin gambar tetapi tombol tidak muncul buang buang waktu tidak guna kamu pikir lucu gin tanya ngebug terus ni aplikasi di optimisasi lagi untuk perangkat android jangan bikin emosi nih,0
bagus sekali gila seru seru seru,1
perfek,1
butut,0
good,1
baik,1
ok,1
font nya tidak ada yang biasa saja masa tulis bawah tulis padahal cuma malah beban,0
isjsk,1
bagus,1
canva ini begitu bagus sekali tetapi jangan ngeleg lagi dong canva jadi hasil agak jelek sama kata adekku seru sekali kak terima kasih y canva,1
ytta,1
ibarat nya gin wirr kita tidak punya laptop tetapi kita punya canva,1
aplikasi jos,1
canva ini bagus untuk apa dan lengkap lagi,1
aplikasi ini bagus sekali untuk ajar seperti saya,1
bagus,1
lumayan bagus,1
sangat manfaat,1
mantap,1
tidak bisa buka habis login fakk,0
luar biasa,1
the best sudah,1
apakah yang bagus untuk ngedit foto dan buat serifikat dan jenis,1
joooos top sangat,1
luar biasa,1
sangat bantu,1
bagus,1
sangat baguss gampang erti untuk desain mula sepertikuuu rekomend dehh pokok,1
yah,0
sangat bergunaaa,1
error tidak bisa buka,0
tidak bisa bayar yang peremium karena para siswa ke susah untuk bayar tolong di degar min,0
sangat bantu,1
than you,1
keren,1
fagus,1
keren amazing,1
bagus,1
keren,1
hasil bagus mudah aplikasi dan mantap,1
bagus,1
good,1
aplikasi ini loading lamaa sekali padahal jaring saya baik saja saat buka aplikasi lain,0
bagus tarik,1
sangat bantu bagus untuk ajar,1
buat logo sangat bagus,1
mantappp,1
best app to design,1
mantap,1
baik,1
i umur he,0
keren,1
woee anjingg kemblikan dana saya saya tidak pernh langgan atau pakai apakah canva pro ngentott enak saja ngmbil hak oranggg,0
aplikasi ini sangat bagus,1
keren,1
sangat puas canva bantu saya untuk edit tugas,1
jauh ini masih bagusss,1
aplikasi yang sangat manfaat,1
baguss sangat keren canva bisa bantu buat tugas ah perfek pokok,1
bagus,1
baik sekali,1
apliaksi yang bagus sbnar nya tetapi harus bayar sangat tidak rekomendet,0
susah gampang,1
sangat bagus,1
bagus,1
ajib,1
lot,0
bagus,1
kereeeennn,1
sangat bantu,1
canva baik,1
ok sekali aplikasi,1
keren dan simpel panjang yang free ibadah bagi mereka yang sedang ajar terima kasih,1
maaf tidak bisa kasih lebih soalny tidak bisa di dowload,0
bagus untuk buat poster,1
bagua,1
sangat mudah efisien manfaat sekali,1
elemen banyak yang gratis juga lucu lucu saran sih bisa di mode offline,1
bagus,1
saya butuh bantu kait bayar langgan yang gagal harus hubung ke mana tanya,1
mantap,1
cool,1
bagusss bangetttt canva kerenn,1
mantap,1
kece,1
apakah nya sangat jaring,0
is the best,1
sangat bantu untuk kreasi,1
aplikasi baik,1
entah mengapa sejak september ini canva jadi sangat lambat bahkan tidak bisa buka padahal internet sudah sangat kencang mohon segera baik,0
bagus,1
sangat tarik,1
hebat dan mudah di guna,1
benar sudah bagus fitur dan lain lain nya sudah bagus tetapi kenapa kendalamya selalu di jaring ya tanya padahal koneksi bagus ram cukup banyak aplikasi sudah di tutup paksa dan muat ulang tetapi tetap saja seperti itu bahkan aplikasi yang tidak si guna pun sudah hapus tetap saja begitu tolong di benar ya bug nya terima kasih,1
good,1
saya pakai canva selalu tidak bisa makanya saya pakai hp uti saya,0
canva beri mudah bagi kita guna,0
wow desain nya sangat estetik,1
kadang lot malesin,1
keren,1
sangat tarik dan bantu,1
sangat bantu,1
bagus dan kualitas,1
bagus sekali,1
good,1
ok,1
aplikasi the best,1
bagus kenapa selalu suka lot,1
sangat bagus,0
canva sangatembantundalam tugas tugas sayav,1
saya tidak bisa login canva guna akun ajar id padahal semua nya sudah benar,0
niam gante,1
aplikasi yang sangat bantu dalam buat desain edit edit logo dan lain lain tetapi masih ada kurang yaitu bug tolongg baik terima kasih,1
bagus buat ngedit,1
pokok mantap,1
tolong yaaa min saya dari tadi sudah hampir jam tunggu loading buat premium tidak bisa padahal singal saya bagusss tidak macet tolong baik segera saya tunggu respon kalian,0
bagus tetapi sangat sering crash error padahal saya guna yang bayar saya kembali bintang kalau sudah baik,0
good,1
sangat bantu untuk bagai perlu terima kasih canva seru,1
aplikasi sangat bagus untuk editvideo dan foto juga lagu,1
terlalu lama proses save filenya,0
keren,1
oke sekali,1
good job mantul aplikasi ini super super bagus,1
bagus,1
baik sekali,1
mantap,1
sangat puasss,1
mantap,1
good,1
keren,1
aplikasi bagus mudah kerja saya,1
bagus,1
kren sekali moga tetap the best,1
mudah di guna,1
cari ide buat logo jadi mudah,1
alhamdulillah lama ini sangat bantu dan aplikasi nya mudah di aplikasi kan,1
aplikasi ini bagus,1
sangat bguss,1
masokkkk,1
harus,1
baik,1
apa nya bgss,1
keren bang saya suka,1
cukup bagus dan tarik buat edit,1
mantap,1
aplikasi bagus,1
bagus sangat bantu,1
baik bagus guna asyik mantap,1
sangat baik,1
mantap,1
mudah kerja,1
sangat baik,1
ini sangat bagus dan mudah di guna,1
bagus sekali bantu,1
sangat sangat bagus dan manfaat,1
mantap,1
baik,1
baik bagus manfaat,1
sangat bagus,1
aplikasi desain baik bakat desain saya jadi bisa wujud berkat aplikasi ini terima kasih canva,1
aplikasi ini sangat bagus saya sangat suka,1
bagus,1
tolong baik lagi agar aplikasi nya tambah bagus,0
sangat cocok,1
saya kasih bintang dulu yaaa,1
bagus,1
very good,1
cepat sederhana hasil baik,1
oke,1
sangat bagus dan sangat bantu terima kasih canva,1
sangatttt bagus dan bantu,1
kecewa apakah nya sering lot padahal jaring bagus,0
mantap betulll,1
bagus sekali aplikasi canva karena di sini kamu bisa dapat ide apa yang tarik yuk cobain,1
aplikasi yang sangat bantu di semua aspek kerja,1
bagi saya canva itu bagus sekali untuk ajar di indonesia karena kalau tidak ada canva mungkin saya tidak akan buat instagram kelas yang bagus tetapi moga canva lebih cepat kembang dan banyak keluar fitur fitur baru terima kasih canva,1
saya sangat kes dan kenan untuk ajar,1
sangat baik,1
bantu bagt,1
bagus,1
bagusss,1
keren,1
saya tidak paket premuin kenapa saldo dana saya di ambil tanya tanya tidak jelas sekali nih apakah,0
good,1
bagussssd,1
ini cocok buat orang gambar sihh pokok bagus sangat dehhh,1
bagus sekali,1
mantap bantu untuk kembang usaha saya,1
saya senang guna aplikasi ini,1
keren sempurna,1
good,1
sangat bantu,1
bagus,1
good,1
sangat bagus,1
sumpah lot sangat canva sekarang,0
sangat bantu untuk desain mula ok deh,1
bagus,1
sangat mudah dan bagus,1
gaga bet,1
good,1
bagus,1
leg sangat,0
sangat bantu dalam buat konten,1
bagus dan tingkat,1
ok sekali sangat bantu,1
good,1
bagus hanya yang kurang tidak bisa bikin rangkum materi materi,1
good,1
aplikasi yang sangat bantu,1
mantull aplikasi y,1
great seru seru seru seru sangat batu sekali dalam fitur juga variasi lumayan lengkap,1
aplikasi yang sangat bagus,1
inibsangat bagus,1
bagus sekali untuk buat bahan ajar,1
lumayan untuk mula,1
dengan canva saya dapat buat jadwal ajar,0
bagus,1
sangat bagus,1
mntappp,1
terima kasih telah mudah dalam buat media ajar sehingga makin asyik,1
huhuhu,1
bagus,1
bagus,0
good job,1
mantap,1
kenapa saya tidak bisa masuk ke dalam canva padahal sudah masuk lewat email tetapi tetap tidak bisa masuk,0
bagus bisa edit fto video hanya kalau elemen mau yang lebih bagus harus pakai canva pro yaitu harus bayar ya pokok the best tetapi sedikit susah untuk bikin ky poster ajar dagang jadi saya hanya bisa asih bintang saja dulu,1
sangat keren,1
mantap,1
plikasi bikin poster baik,1
sangat bantu,1
aplikasi ini sangat bantu saya dalam desain dan tentu hasil desain pun sangat muas saya kasih bintang the best,1
min kenapa saya sudah jadi ppt kenapa gambar tidak muncul cuma tulis dan background warna saja tanya tanya,1
lot anjir,0
sudah dowload canva berapa kali tetap hasipnya nihil tidak ada yang benar semua baik kalau mau ratting nya bagus masih tetap ah ni yah sudah saya dowload ulang tetapi henti terus apa yang salah sih,0
good,1
saya baru pernah ikut aplikasi ini,1
ngebantu bangetttttt,1
mantap,1
bagus sekali,1
bagus sekali,1
ok,1
puas aplikasi desain baik,1
ok,1
keren,1
mudah sekali kalau mau design sesuatu tetapi lambat sekali anjinggg tidak cocok buat orang yang sabar setip tisu bisa tidak sih di baru lagi biar tidak lot sangat begitu,0
senang,1
bagus sekali dan mudah,1
sangat bantu,1
bagus dan bermanfaatl,1
bagus,1
bagus,0
perdana guna aplikasi ini moga dapat bantu saya dalam kerja saya di sekolah,1
ok baik,1
aplikasi yang sangat bagus,1
bagus tetapi belum erti benar,1
canva nya bagus sekali di simpan gratis pula,1
sangat bantu dalam buat tugas dan kreativitas,1
babi jelek hampir semua vip harus bayar apa lagi lot pada ada sinyal bagus huuu jelek,0
ok,1
keren sekali gan,1
template nya bagus,1
ok,1
bantu sekali sama canva terima kasih canva,1
aplikasi bagus tetapi banyak desain yang pro kalau di donlod susah terus pas mau donlod waktu donlod yang desain video itu susah lama sekali mnguras waktu sekali moga cepat di baik ya agak guna tidak bosan saat mngunduh desain dari canva dan tolonv untuk lebih cepat lagi dalam login ulang atau eaktu siap desain,0
mantap sekali,1
mudah dan praktis untuk buat presentasi,1
aplikasi nya bagus tetapi kenapa harus bayar saya nya tidak ada uang,1
bagus,1
sangat bagus,1
saya kok tidak bisa ganti baju nya mirip tidak ada letak fitur nya,0
lintang,1
mateb,1
sangat bantu,1
aplikasi yang bagus manfaat,1
sangat baikk,1
kenapa saya sudah kali kali download aplikasi canva tetapi tidak bisa masuk terus ya padahal lagi butuh sekali,0
aplikasi nya baguss saya suoa sekali,1
aplikasi ini sangat bantu dalam kerja tugas saya terima kasih canva,1
bagus sekali aplikasi nya,1
bagus,1
oke,1
bagus buat bikin poster,1
bagus,1
kereeen,1
cakap,1
oke juga aplikasi sangat bantu,1
sangat baik untuk tugas sein tugas,1
easy,1
masyaallah baru tahu aplikasi bagus ini dan so mudah sekali,1
sangat bagus,1
bagus,1
jelek,0
nice,1
ok,0
canva sangat bantu terima kasih canva,1
keren,1
aplikasi yang sangat bagus,1
sangat baik bagus dan kereatif,0
menyenangkn,1
pelit,1
aplikasi terkadang lag tetapi ada banyak bagai kreativitas dalam aplikasi jadi turut saya tidak buruk juga,1
manfaat,0
keren aplikasi nya,1
aplikasi yang sangat bagus dan bantu untuk freelance,1
sangat bantu,1
bagus kali,1
sangat bantu,1
good,1
wifi dan kuota lancar tetapi tetap saja lot,0
good,1
mantap men,1
bagus,1
apakah terlalu berat wifi saja tidak ngakat pakenih apakah pada hal buat stream bagus saja tuh jaring turut saya nih apakah jelekk,0
sangat bantu kalau bisa semua gratiss,1
kenapa eror tidak bisa di guna,0
bagus sekali,1
gut,1
sedang usaha untuk jadi baik,1
sering eror saat proses edit,0
maaf ya canva ini bagus saya suka taoi kurang nya dia itu lot sangat dan nguras banyak internet apalagi kalau buat poster pas buru terus lot,1
manfaat terima kasih,1
kerja bagus,1
aplikasi yang sangat kreatif tetapi sayang jaring di tempat saya sangat buruk,1
sangat bagus,1
excited luv,1
good as hell,1
bagusss bgettt,1
bagus cocok buat logo,1
cocok untuk di uninstal,0
ok,1
bagus sekali soal biasa ngebantu saya bikin desain buat kerja informatikaa nilai saya ngedesain pakai canva jadi kerenn,1
good,1
keren,1
ok,1
sangat manfaat,1
pokok ini nih baguss sangat,1
sangat bantu,1
best,1
mantap sangat bantu,1
alhamdulillah sudah dibenerin sama mimin nya terima kasih ya minnn,1
sangat bantu n luar biasa terima kasih,1
good,1
canva so great seru,1
sangat bantu dalam urus saya terima kasih,1
good for all,1
bagus sekali,1
keren,1
canva anjg lot wait animasi nya bikin lama mending tidak usah di taruhin,0
kren appsnya,1
aplikasi nya bagus sekali tetapi tolong di baik lagi yh saya kasih bintang karena fitur nya lumayan lah yah bagus tetapi dengan tolong di baik bug nya ok segitu saja sekian terima kasih,1
keren luar biasaa terima kasih canva baru pertama bikin benar kalau buah ajaib,1
kenapa sih sering sekali lot saat buka elemen dan lain lain nya tolong lah padahal jaring lancar sangat pas di canva kenapa jadi ngelagggg,1
mantap bagus sekali,1
lumayan bantu,1
jos,1
sangat guna,1
sangat bagus,1
sangat manfaat syukron,1
sangat bermamfaat,1
good application i love itu,1
sangat guna,1
lumayan bagus,1
mantap,1
bagus,1
keren,1
sangat puas,1
wow luar biasa sekali bantu umkm untuk promosi good luck canva,1
nice spk,1
sangat bantu untuk yang tidak bisa desain,1
terima kasih,1
sangat bantu,1
makin keren top,1
good,1
sangat bagus,1
ok,1
bagus sekali,1
mantap bangat,1
lucu,1
mantap,1
sangat bagus,1
mantap dan lengkap,1
tarik,1
mantapz,1
manthab,1
good,1
keren,1
sangat keren bantu sekali,1
mudah dan gratis mudah umkm,1
sumpahhhhhh keren bgttt apalagi ada tambah ai gambar itu sumpah terima kasih sangat lohhh ada fitur ai gambarrrrr,1
ok mantap,1
like,1
keren,0
bagus sekali,1
kartu keluarga tolong dong di apdet yang bisa di hapus kartu keluarga saya salah pencet terus itu juga saya jadi yesel dan saya hapus tetap masih ada,0
semua ada sini cocok untuk promosi jual,1
apakah nya sangat manfaat,1
bagus sekali,1
suport,1
bagusss,0
mantap,1
sangat baik,1
kualitas burik,0
aplikasi sangat bantu saya dalam kerja sangat mudah guna dan milik banyak varian template yang tarik,1
canva bagus si benar tetapi loading nya lama padhall sinyal juga kencang tetapi sayang lama sekali kalau mau buka fiturnya begitu jadi males apalagi kalau sudah buat nugas sering sekali ke begitu lama tolong ya di baik lagi,1
bintang yang bicara,1
keren bagus sekali,1
aplikasi sangat bagus,0
aplikasi yang bagus rekomendasi,1
mantap,1
luar biasa,1
ini sangat guna sekali,1
bagis,1
sangat bantu,1
sangat mudah buat edit,1
siapa saja bisa jadi desainer grafis,1
v v,1
mantap,1
bagus nih aplikasi,1
cukupp baik,1
the best,1
good,1
kren,1
mantap,1
sang baguu,1
sangat bantu dalam buat presentasi dan mudah,1
maaf untuk bintang nya ini kenapa saldo saya tarik yaa besar ribu padahal sudah tidak ada langgan lagi,1
goog,1
sangat bantu,1
ok,1
mantap untuk di guna,1
mantap keren,1
baik,1
sudah inspirasi seluru indonesia,1
bagus apakah nyaa,1
sangat bagusss dan bisa untuk selesai tugas dari sekolah apakah nya sangat guna dan manfaat dan cocok buat yang sedan desain gambar pola untuk tugas atau lain,1
bagusssss,1
sangat bagus tetapi saya agar tidak tahu ngeditnya,1
makin lot saja,0
pertama kali coba bagus,1
baik,1
sangat tarik,1
keren aplikasi sangat suka,1
enak saja bisa ngedit bantu orangtua buat lebel keripik bagusss,1
aplikasi canva sangat bagus untuk bantu kerja saya lama ini saya sangat suka aplikasi ini,1
sangat bantu,1
terima kasih viedeo saya jadi lebih tarik tetapi masih bingung karena gambar dalam video potong jadi gambar tidak full,1
keren,1
mantap,1
tidak bisa didonwloat padahal jaring full,0
bagus,1
edit design logo jadi lebih mudah dengan agam fitur yang tarik mudah kerja tentu,1
bguss,1
bagus,0
beberapa waktu tidak saya buka dengan akun ajar id tiba logout sendiri dan tidak bisa login lagi dengan email apa aplikasi force close terus,0
lot,0
terimakaih aplikasi yang sangat bagus,1
bagus,1
kerennn,1
sangat bagus sekali,1
aplikasi sangat bagus,1
bagus bangat saya suka sekali karena saya ajar edit dan lain lain,1
jauh ini paling jos,1
aplikasi sangat bagus,1
bagus mudah guna keren juga,1
baik,1
bagus pokok,1
saya kasi bintang baru mengunakan,1
baik,1
sangat bagus bisa bantu bagi raka yang belum paham ps,1
bngst banyak update fitur nya makin ribet dan juga sangat lot ketika ada di beranda terlalu banyak bug yang menganggu buat jaring tidak stabil ketika sedang di dalam beranda segera baik tolol jangan hanya banyak update terus tetapi nyusahin para user blok,0
bagus,1
aplikasi sangat bagussss,1
kurang bagus ketika ingin login buat akun kali mncb tetap salah padahal cara tlsn email dan password sudah benar semua tetapi tetap tidak bisa buat akun there still plenty of cellphone memory still can t dulu belum nya juga sudah punya sengaja saja di hapus and also orang bilang this application juga banyak sekali iklan walaupun tidak gratis tidak pantas juga seperti itu please fix itu immediately and mudah untuk buat akun nya kasihan yang lain tidak maka hp iphone jadi susah ribet bet,0
tolong di baik lagi saat untuk login ke akun ajar id terkadang situs error,0
bagus sekali,1
bagus,0
cakap,1
melieurkan,0
bagus sekali,1
bagusss,1
keren,1
bagus,1
very good,1
aplikasi bagus,1
aplikasi ini sangat guna dan manfaat utama bagi saya yang rupa orang ajar dapat bantu dalam selesai tugas tugas sekolah upa power point buat poster tidak hanya itu bahkan di aplikasi ini bisa edit video thank you,1
baikla untuk kali ini saya kasih bintang hanya ukur kenapa muncul di bagi bawah sekali ya agak susah klik,1
aplikasi yang sangat meba,1
canva ini sangat bagus dan semua gambar sangat aestetic,1
bagus sekali buat ajar,1
sagat bantu kalau sedang kerja pr,1
masih coba,1
sagat bermanfat,1
top sangat,1
mantap,1
bagus,1
nang sangat padahal tidak premium tetapi uang di dana saya ke potong ribu padahal itu uang akhir,0
baguss tetapi kalau di akun saya tidak bisa buat canva ajar padahalll saya ajar,1
sangat bagus,1
sangat bantu,1
sangat manfaat untuk seluruh ajar dan mahasiswa,1
food,1
saya tidak pernah langgan di apakah ini mungkin teman atau keluarga tanpa tahu saya minta kembali dana syaa mohon,0
sangat bantu dan mudah mantap,1
buagooouusss,1
baik,1
aplikasi keren mnurutq dalam dunia desain praktis sangat buat yang buru buat desain,1
sangat bantu untuk promosi,1
keren habis,1
aplikasi ini sangat bantu kita dalam mudah editing tidak perlu repot repot lagi keren,1
god apakah editor,1
bagus dan canva nya bisa buat tugas,1
bagus,1
sangat bantu kerja jadi ringan,1
sumpah kok tambah lambat ya allah,0
baik,1
mantap,1
keren,1
keren,1
apakah error tidak guna tiap mau masuk muat ulang padahal wifi pakai tidak ganiat bikin apakah,0
keren,1
ini gimana cara masuk nya ko tidak bisa ua,1
terima kasih app nya sangat bagus,1
agak susah yhh bun,1
jos,1
good,1
canva luar biasa great,1
bagus tetapi jangan lelet,1
benar bagus tetapi dia agak lambat,0
binta empat,1
aplikasi nya bagusss,1
awal saya pakai aplikasi ini bagus tetapi telah lama jadi warna putih kalau sudah di baik saya kasih bintang,1
bantu,1
bagus sekali aplikasi sangat bergunaaaa,1
bagus sangat sbnernya tetapi mau pindah ke pro sudah mau bayar via google dana tetap saja error yatuhan,1
mantul,1
keren,1
apakah nya bagus,1
sangat bagus,1
tidak bisa masuk rudeut,0
karena cepat,1
sangat guna,1
sangat bantu apabila ada tugas sekolah dan bantu saya juga dalam edit foto juga banyak templat templat yang tarik,1
kereeeee,1
kenapa buka nya selalu muat ulang terus,0
karena tidak mirip sama microsoft,0
sangat bagus,1
aplikasi bagus sekali suka karena bikin tugas jadi lebih gampang,1
belum pernah coba bercyandaaa bercyanda bagus kok,1
top,1
fiturnya sangat lengkap dan sangat mudah guna yang baru ajar desain,1
bagus,1
sangat muas dari aplikasi canva,1
bagus skli apakah nya,1
perveck,1
sangat bantu,1
a ml,0
recommended seru seru,1
sangat bantu,1
sangat cocok bagi anak muda,1
apknya sih baguss tetapi saya pakai hp ram tetappp lemottttttt apknya jaring bagus padahal sumpahhhh apakah bikin stresss mau ngedit malah emosi,0
matio,1
nice,1
kenapa susah sekali sih masuk pakai akun gmail yang sudah daftar,0
canva aplikasi editor yang keren seru seru tetapi sayang canva lambat merespon saya hanya harap canva baik lagi agar lebih mudah lagi canva memang kerennn seru seru i will love canva,1
aplikasi good,1
okk untuk buat ppt poster,1
baik,1
abdul qodir,1
i can t refund my purchasing seru seru seru seru,0
applikasi bagus sekali tetapi sayang agak lot,1
baik,1
cara simpan file terlalu sulit,0
very good,1
sangat muas,1
untuk ukur khusus custom tulis size cuma tidak bisa di klik posisi terlalu pojok bawah tolong baik,0
aplikasi yang sangat bantu untuk editing foto,1
sippp,1
aplikasi ini sangat keren,1
mantap aplikasi,1
buat ngedit video sih bisa tetapi pas up ke yt tidak bisa putar aneh,0
bagusss,1
bagus sekali,1
mantap,1
aplikasi sangat bagus fitur lengkap dan tidak lalot sangat bantu dalam edit foto dan video,1
tampil makin buruk untuk hp,0
this is so good to use seru seru,1
tidak bisa mendownload,0
good,1
good,1
mending,1
bantu kuliah,1
canva adalah aplikasi yang bagus untuk iklan produk atau karya kita mantap canva,1
bagus,1
thank you,1
bagus,1
puas sangat terima kasih canva,1
lmott padahal wifinya lncar,0
keren,1
sangat bantu dan mudah guna,1
mantap,1
sorry min bintang karena video yang saya capai capai buat dari canva tidak bisa di download,0
ok,1
muas,1
sengaja ya bikin saya marah,0
sangat bantu untuk kerja tugas sekolah,1
bagus mudah,1
good,1
ok,1
suka,1
suka sekali,1
bagus nyaman sangat bantu,1
bagus,1
sangat muas,1
sangat baik,1
aplikasi yang wajib sekali untuk di instal karena fiturnya sangat manfaat sehingga tidak perlu bayar jasa editing karena bisa edit sendiri sesuai dengan ingin dan hasil juga langsung bisa guna tanpa harus tunggu lama templete yang di sedia juga sangat banyak dan agam,1
mantap,1
bestt aplication i ever use,1
mantap,1
kerenn aplikasi tidak kecewa dan tidak kalah saing dengan aplikasi lain,1
mantap,1
fitur sangat lengkap untuk edit foto dan yang lai dan untuk dapat fitur premium juga kita bisa akses lalu akun ajar id yang dari guru sekolah kita namun sangat lah ibu ribu sayang canva tidak perhati fitur fitur dasar dalam edit teks utama untuk tambah warna gradiasi di buah teks itu tidak bisa terus untuk efek di mens nya juga belum pas terus transfarasi untuk pudar ujung foto juga belum pas tolong adain dulu fitur fitur dasar,1
tidak bisa masuk aneh ni apakah padahal sinyal bagus bagus saja,0
tidak jelas sekali jangan di donlod aplikasi aneh,0
bagus,1
cakap,1
aplikasi sangat bagus dan bantu bisa di tingkat lagi menu nya jadi lebih lengkap,1
kekdk,1
sangat keren,1
ok,1
hmmm apa sekarang buat ukur khusus di hp yang cuma tidak bisa teken sebell,0
aplikasi keren buat kreasi baik mula maupun yang sudah pro dan sangat bantu buat semua konten,1
good,1
canva sekarang kenapa ya tanya tanya tanya kok makin lelet tanya padahal jaring tidak ngelag sama sekali tetapi lot sekali padahal tugas masih numpukk tolong dong canva baik lagi agar tidak lot,1
bagus,1
baik,1
keren sangat jadi gampang kalau bikin poster,1
sangat bagus saat ingin buat presentasi dan buat logo,1
bagus sekali,1
bagus,1
perlu tingkat lagi,0
bagus,1
bagus,1
sangat bantu,1
sangat mudah di guna,1
bagus dan mudah,1
tidak bisa login akun dan selalu tutup aplikasi sendiri,0
sangat bantu desain,1
baik,1
good bangetttt,1
banyak yang tidak bisa di buka karena pro,1
ups,1
bagus,1
luar biasa,1
saya suka canva,1
sangat bagus,1
benar canva ini sangat bagus bantu tugas presentasi saya tetapi saat saya ganti akun biasa jadi akun ajar id dia tak bisa daftar saya sudah uninstal dan download lagi tetapi tetap tak bisa mengapa tak dapat akses canva tanya tanya tanya seru,1
aplikasi bagus sekali banyak juga template nya,1
aplikasi bagus sangat bantu saat edit,1
bagus sih tetapi tidak bisa di instal,1
sangat b,1
i love this app,1
bagus,1
baguzz tetapi banyak yang premium bayar,1
alapyu,1
aplikasi masih banyak bug banyak sekali bug landscape lah bug tidak bisa pencet apa apa lah ini aplikasi masih cacat tolong segera baik kalau tidak lama lama ini aplikasi jadi aplikasi sampah dan saya pas ngedit padahal saya cuma nempelin foto tetapi harus bayar dasar apakah mata duit,0
maa syaa allah sangat baik untuk desain apa itu,1
mantap sekali asli,1
bagus,0
bagus syekalii,0
great,1
sangat muas,1
sangat bermutuh bagi kerja yang buat cv,1
sangat bantu,1
bagus sangat,1
terima kasih sangat bantu,1
keren,1
kereeen sangat mudah guna nya terima kasih canva,1
betul bagus tetapi kalau mau ngedit kadang lot,1
untuk fitur rubah size kok hilang dan makin susah lot enak yang dulu smooth fitur biasa hanya oke,0
buat poster sangat bagus dan tarik tiap buat,1
aplikasi sangar keren,1
aplikasi nya bagus bangettttttt,1
baguss,1
puas,1
mantaap,1
sangat baik terima kasih canva,1
sangat bagus cocok untuk edit,1
oh,1
saya harap canva bisa tambah fitur folder pada project design yang simpan agar lebih rapi dalam klasifikasi project yang sudah kerja,1
top,1
editing yang kelas,1
aplikasi lot sekali seru seru mau ngesave project saja susah tulis unduh tidak bisa di klik seru,0
lmmmlmm ammmammm,0
sangat asyik,1
sangat bagus aplikasi nya keren,1
good,1
bagus sangat karena bisa guna untuk ajar tetapi ada yang saya tidak suka ya ituu canva nya suka ngelagg,1
sangat bagus,1
he,1
mantap,0
ok sangat bantu cantik,1
good job,1
lumayan untuk ajar,1
ok,1
sangat bagus,1
mudah untuk edit,1
akhir dapat aplikasi yang tidak bikin pusing kalau lagi ada tugas presentasi sini template nya banyak sangat yang tarik,1
bagus,1
baik,1
bagus sekali,1
sangat bantu untuk mula yang masih gaptek karena dengan aplikasi ini kita mudah untuk buat video atau edit foto saran banyak menu yang mudah dan bisa buat video jadi sangat tarik,1
aplikasi ini bantu sekali dalam bidang sekolah juga,1
sangat bantu,1
luar biasa,1
lot bet kalau jaring tiba hilang tidak bisa hubung ulang,1
alhamdulillah mudah dalam selesai tugas dengan ada canva,1
ggmu,1
oke mantap lah pakai canva ini mudah desain,1
amazing,1
baik dan bagus,1
bagus,1
sangat bantu terima kasih,1
mantap,1
saya puas,1
masih di ajar karena baru pakai,1
bagus untuk ajar edit,1
mudah di ajar,1
bagus sangat sangat bantu,1
suka sekali foto bisa langsung dijadiin pdf bagus buat saya yang males ngedit lagi hehehehehehehheheh suka sekali pokok terus fiturnya lengkap bgtt suka terima kasih canvaaaaaaww,1
mantap saja,1
kenapa canva tidak bisa di buka padahal sinyal banyak,0
ok sekali,1
lebih bagus lagi kalau gratis,1
sangat bantu saya dalam buat poster brosur dan lain terima kasih telah buat aplikasi yang sangat manfaat,1
uhtpyottpttp,1
top,1
sangat bagus aplikasi sangat bantu dalam hal desain,1
aplikasi canva sangat bantu sekali walau saya agak bingung,1
bagus,1
nice,1
bagussy,1
keren cara mudah buat brbagai macam spanduk dan bahan ajar,1
keren,1
boleh,1
masa saya tidak bisa login akum ajar sih,0
awwaa,1
sangat manfaat sekali,1
sngat bagus saya suka sangat sama apakah ini,1
suka,1
bagus,1
mkasih yah hihi bagus kok,1
wowwwwwwwwwwww,1
bagus sangat mudah,1
sangat bantu untuk usaha,1
sangat baik,1
aplikasi yang bagus,1
luar biasaa seru seru,1
bagus sekali,1
sangat bantu,1
memang mantap untuk desain,1
ok,1
kokol,1
badut sekali,1
best,1
apakah ini bagus sekali bisa ngebantu ngedit ngedit tugas sekolah atau konten apa tetapi kadang suka ngelag padahal jaring baguss kenapaa ya tanya,1
aplikasi canva sangat tarik banyak edit video foto dan logo yang lebih bagus,1
fitur sini bagus sekali lebih gampang dan simpel seru,1
sangat keren,1
sangat bantu,1
lot banh,0
good job,1
keren,1
alhamdulillah sangat manfaat,1
mantap lah,1
aplikasi apa game yang bwrat saja lancar jaya jaring tetapi bukak aplikasi ni kek babi,0
nice,1
kalau sudah tahu algoritma guna pasti langsung di bikin pro bahan element nya,0
sangat bantu kerja sekolah,1
thebest,1
nganuu,0
tidak tahu cara pakai buat promosi sangat ribet,1
sang at bai ke,1
bagus,1
downlod ini buat nugas hhahha tetapi bagus jujurly,1
saya suka canva namun entah jalan pada desktop maupun aplikasi android tetap lot padahal koneksi sangat aman simpan aman dan saya biasa tutup tab aplikasi yang tidak guna saya juga rajin update aplikasi namun canva tetap jalan berat lama untuk proses unduh bahkan untuk cari elemen saja kadang tidak jalan tolong segera baik banyak teman saya yang guna canva keluh hal sama,0
sangat bagus dan sangat bantu jika saya sedang ada tugas sekolah saya inti aplikasi baguss bngttt bngtt,1
sangat mudah bagi yang gaptek sekalioun,1
juara aplikasi paling lot,0
keren,1
mantap,1
bagus,1
sejak ada aplikasi ini tugas saya makin tambah,0
tiap kali mau buat disain loding lama sekali,0
sangat bagus,1
bagus nih,1
bagus banyak fitur yang mudah kita bagai mula,1
aplikasi sangat bagus dan mudah guna dan fitur fiturnya juga lengkap,1
benar benar bantu,1
elemen dan tambah fto tidak bisa guna,1
the best,1
bagus bisa bilang simpel tetapi hasil lebih tarik daripada ms powerpoint tetapi sering gagal atau super lama proses kalau lagi generate downloading video pakai hp di laptop aman,1
gj jing kaga bisa log pakai google sekolah,0
sangat bantu,1
alas kasih bintang tidak bisa log in akun ajar di aplikasi aplikasi lambat bangettt padahal internet bagus dan simpan masih banyak suka ngelag mohon diperbaikiiiiiiiii,0
gacor kang,1
overall saya sukak sihh sama canva karena ya buat edit fto feeds ig kelas jadi gampang buat logo kelas jadi gampang dan buat edit fto gampang pokoknyaaaaa lopp buat canvaa,1
baru mau ajar,1
sangat recommend,1
jadi kreasi lebih semi,1
tidak bisa pakai canva pro,1
canva bagus simple bravo,1
keren dan praktis,1
mantap,1
bagus,1
salah satu aplikasi yang sangat bagus dan cocok bagi desainer,1
sangat bantu,1
kuontolllll,0
sangat bagus sekali,1
bagus sekali buat ngedit tetapi harus beli premi dulu kalau mau tidak ada watermark aduh,1
bagus komplet dan simpel,1
mantab,1
aplikasi nya bagus,1
canva aplikasi editor gambar baik,1
bagus,1
mantul,1
bagus tetapi lama kali ngunduh ya,1
personal,1
cukup bintang karena sempurna itu hany milik allah,1
muas,1
good,1
luar biasa,1
aplikasi yang sangat bagus dan manfaat sedia template banyak dan tinggal pakai mantabbbb,1
moga di tf ke kan sudah di kasi bintang,1
bagus baget,1
bagus,1
good,1
sangat bagus untuk edit foto danembuat logo,1
bagus,1
kenapa ya telah di instal tidak bisa di buka hanya muncul layar putih dan tulis canva mohon jelas,0
good,1
bagus sekali apakah nya,1
awal susah karena saya memang tidak ada basic desain tetapi bantu dengan semua desain yang ada di canva aplikasi nya keren cocok buat mula seperti saya,1
di coba dulu ya,1
fiturnya sudah komplit hanya saja makin kesini jadi lot sekali bahkan hampir tidak bisa di buka padahal sinyal bagus,0
suka bagus sekali tetapi buat login ke akun ajar susahhh,1
mantap sekali,1
aplikasi bagus tolong tambah font eurostile interstate ke canva tetapi yang gratis ya jangan di pro,1
nice,1
bagussss sangat,1
bagus,1
sangat bantu ajar pancasila di waktu seperti ini yang hari hari di beri tugas untuk buat ppt dan presentasi ssmoga fitur fitur canva ke depan makin canggih,1
bagus sekali saya suka terima kasih,1
mantaf,1
keren,1
mantap sangat mudah dan bantu kerja,1
app tai,0
bagus sekali kalian wajib dowload aplikasi ini,1
sangat bantu,1
good,1
bagus sekali dan gampang,1
sangat bagus,0
oke,1
the best,1
bagus sekali,1
bagus sangat manfaat,1
happy carnaval at independent day,1
bagus,0
keren,0
lumayan,1
bagus,1
jren,1
bagus,1
canva sangat keren,1
mantab,1
verry good,1
ok,1
keren asli tidak pernah kecewa,1
keren ngebantu sekali yang buka usaha,1
bagus bgttt,1
good,1
aplikasi yang bagus untuk edit poster,1
bagus dan bantu,1
aplikasi yang bagus dan user friendly bisa edit bagai macam butuh dan bisa tunjang bisnis dari hp moga fitur makin diupdate ya,1
bikin rusak hp semua jadi lot,0
tidak bisa di instal,0
bagus keren dan tarik,1
matapp,1
i t mau n n,1
sangat bantu sekali,1
oke,1
bagus sekali aplikasi,1
bagus,1
sangat bantu,1
sangat bagus dan bantu dalam buat tugs,0
terlalu lot dan banyak bug,0
cukup muas,1
semua sedia di canva aplikasi ini sangat bantu pokok terbaikk,1
bagus aplikasi,1
sangatt membantuuu,1
lama kalau mau unduh gambar,0
jauh ini cukup baik,1
jaring internet full tetapi aplikasi seperti berat sekali loading nya lama,0
sering ngeleg,1
baikkkkkkkkkk,1
good like,1
mantap aplikasi yang bagus buat edit foto dan vidio,1
bagus sekali,1
sangat bagus,1
canva sangat bantu saya untuk kerja tugas dari sekolah dan template nya juga unik unik bisa buat logo infografis dan lain lain saya suka canva,1
very good,1
mantap,1
saya biasa pakai canva web versi gratis hari ini kaget kok tidak bisa download nyata semua fiturnya yang belum gratis sekarang sudah bayar cuma setting ukur yang belum gratis sekarang sudah bayar padahal semua desain ada ukur saya sudah coba ganti akun juga untuk download harus bayar jadi selamat tinggal canva saya harus ganti aplikasi lain,0
lalap dengan boi login jirrrrrrr,0
baguss sangat aplikasi nya mudah buat edit,1
bagus sekali guna canva,1
good,1
jaring bagus saja tetapi canvanya tidak bisa buka pepek kamu,0
sangat manfaat,1
bagus,1
baik,1
mantap,1
data pribadi bisa bocor ke darkweb tanya,1
sangat cantik kiyuuu,1
jos,1
bagus n keren bantu design cepat,1
ok,1
sangat bantu dan mudah aplikasi terima kasih,1
bagus,0
iseng saja,0
ajibb,1
sangat bagus,1
keren,1
bagus mudah di guna,1
bagus,0
baik,1
canva bantu,1
mantap,1
canva adalah aplikasi editing yang sangat bagus untuk mula karena banyak sedia tamplate sehingga mudah untuk guna aplikasi yang masih belum kuasa editing,1
bagus,1
baik,1
kurang suka soal tidak jelas,0
sangat bagus,1
best,1
bagus sekali,0
nge lag sekali ajg,0
mudah di paham fitur nya untuk yang baru download tidak bakal bgung,1
untuk fitur fitur yang ada di dalam sudah bagus tetapi tolong kepada developer baik bugnya yaitu jaring padahal jaring di rumah sudah sangat bagus tetapi pada saat edit vidio tugas lot sekali tolong segera baik soal banyak tugas,1
bagus,1
canva sangat lah anjinggg masa iya saya mau ngedit terus si canva nya muat ulang muat ulang terus habis itu gambar nya tidak muncul terus kalau lagi di tingl sebentar hp nya terus mati saja lnsung kembali dan harus mulai ulang siapa yang tidak kesal coba sudah ulang kali saya coba terus hampir tengah hariiii saya buka canvaa bagi adminnn mohon di baik seru seru seru seru seru saya tidak mau tauuu pokok nya kalau belum di baik saya akan tetap asih bintang kalau perlu gaush kasih bintang sama sekali,0
sangat baguss,1
bagus,1
loading lama,1
bagus mah,1
sangat bagus,1
susah juga operasi canva,1
amazing,1
bagus,1
aplikasi bagus tetapi banyak lag jika di android tetapi kalau di chrome tidak ada lag sama sekali,1
mantap,1
kok tidak bisa dibukak kenapa ya kak,1
good,1
tidak suka saja,0
terbaikkkk seru seru seru seru seru seru,1
suka sangat,1
terima kasih,1
sukaa bangets,1
sangat bantu,1
bisa di buat sarana ajar,1
jos,1
bagus,1
good job,1
aplikasi boros data jaring harus bagus tolol tidak usah didownload ada fitur pro yang menggangu apl suka ngebug,0
canva ini sangat bagus tetapi harus online saran saya ada mode offline,1
bug,0
sangat bantu,1
sangat bantu dalam ajar paud,1
sangat bagus,1
bagusss bangettt,1
bagus,1
bagus,1
kereennn bangettt huhuuuu jadi gampang sangat dahh buat edit foto vidio,1
sangat bantu,1
bagus sekali dan sangat bantu untuk edit dengan banyak nya template mudah saya,1
i like,1
bagus,1
canva sangat bantu saya dalam buat vidio ajar,1
sangat bantu,1
sangat bantu thankyou,1
bagus,1
aplikasi ini bantu editing video dengan mudah,1
mohon maaf ini kenapa canva tiba tiba jadi burem yaa tanya mohon baik,0
ini sangat bi,1
mantaf,1
canva aplikasi design yang sangat bagus dan mudah guna khusus untuk para mula karena sedia ribu template tarik dan mudah editing,1
kak saran dong bayar canva jangan cuma lewat kartu kredit karena mungkin banyak dari teman yang tidak punya kartu kredit tolong mudah dalam bayar kak,1
tanda apakah jelek buat saya,0
keren,1
bagus sekali aplikasi nya sangat mmbantu,1
lot,0
terima kasih sudah saya install dan bagus untuk buat banner stiker dan lain lain,1
terima kasih aplikasi moga manfaat n mohon untuk di baik lagi karena aplikasi sangat lamban selalu di muat ulang saat login,1
oo bagus,1
mantap jiwa,1
mantap,1
baik,1
aplikasi canva ini bisa andal sekali untuk bantu buat persentase dan amat payah untuk buat video utama yang kena dengan audio,1
canva keren sekali dan juga bagus sekali,1
sukses,1
luar biasa,1
oke,1
mantap,1
apa nih aplikasi eror terus pas masuk loading loading tidak jelasss padahal jaring internet lancar sudah pakai yang bayar percuma sama jelek,0
bantu buat logo dan desain dengan mudah,1
bagus sekali gampang juga,1
bagai guna saya mau tanya kenapa tiap saya beri fitur patok bagi baris selalu tidak muncul tanya please butuh sekali bantu,1
mirip master,1
halo kak saya coba login tetapi terang alamat email sebut telah hubung dengan akun canva dan tidak bisa masuk itu gimana ya tanya,1
bad,0
fitur nya sangat bagus,1
bagusssssss bangttttttttttt canvaaaaaa,1
elemen lebih banyak,1
sangat mudah di guna,1
keren,1
di android versi error terus tidak bisa masuk akun ajar id,0
tidak asyik,0
sangarrr,1
nice,0
bagus,1
yupzx,1
aplikasi yang bagus,1
topp,1
banyak magfaatnya,0
sangat bagus,1
mantap,1
kereenn sangat pokok,1
cakap gambar nya,1
sangat bantu untuk buat desain,1
adzkia nur safitri,1
sangat bagus,1
keren dan bagus,1
top,1
saya sangat suka dengan aplikasi canva ini sangat mudah saya untuk mebuat desain poster sticker bahkan untuk postingan di instagram saya guna pun mudah tidak ribet dan bisa di guna cara free juga jika mau upgrade ke premium baru di bayar dan di bayar cukup murah turut saya moga makin bagus depan,1
cepat bisa kuasa desain,1
hallo canva sangat bagus saya suka tetapi mohon di baik ya kasih bintang dulu soal terkadang lemott canva nya terima kasih,1
keren bgttt mudah segala urus dalam kerja,1
baik,1
baguss aplikasi nyaa,1
ok,1
oke,1
sgtttt mmbntu apakah nyaa tidak sesal download apakah canvaaaaaa terima kasih you canvaaa,1
cukup baik,1
mantab,1
bagus,1
bagus,1
good sih baru sadar wkwkwk,1
sngat luar biasa bantu,1
bagus,1
sangat batu sekali,1
tidak bisa nhedit eror,0
mantab,1
good,1
aa lucu saya suka,1
sangat bagus,1
bagusss babgettttttt,1
simpel manfaat terima kasih canva,1
good,1
sebener nya canva itu bagus tetapi mengapa saya edit selalu lot tanya,0
bagus sangat bantu,1
bagus sangat,1
luar biasa,1
memang ajib saya puas guna aplikasi canva,1
n wa inna nama j,1
kenapa tidak bisa log in,0
mantapsh,1
aplikasi yang sangat bagus banyak fitur nya dan sangat mudah di guna,1
solusi digital untuk kreatif,1
aplikasi canva bagus dan mantap,1
bagus,1
good buanget,1
mantap canva,1
bagus,1
sangat bantu,1
bagus,1
kerren,1
aplikasi bagus dan sangat guna untuk saya karena bisa buat poster atau apa itu yang tarik tetapi tolong di baik soal kalau misal kita taruh hp kita nanti dokumen nya hilang,1
the app is very slow to use app a sangat lambat guna,0
dupserter,1
keren,1
guud,1
baik,1
bagus sekali apakah ini saya suka,1
terkadang aplikasi nge lag terus kadang keluar masuk saran saya hanya perlu baik saja,1
goodddd,1
aplikasi sudah bagus telah update malah bug masalah jaring gagal masuk aplikasi karena jaring padahal sinyal hp bagus pakai wifi juga sama saja tolong segera baik,0
aplikasi bagus sangat,1
keren bantu,1
saya kenapa ya tidak bisa masuk pakai saya ajar padahal belum saya update sudah bisa tetapi kok sekarang ada tulis canva alami masalah teknis ini benar kenapa plisss saya butuh buat ajar,1
bagus,1
luar biasa,1
sangat bagus,1
keren,1
nice bagus nomor blurr,1
so far canva is my favorite application,1
bagus sekali,1
sangkat bantu,0
sangat cukup bantu,0
stay since tahun of october then i had to uninstall yesterday i dont wanna made spamming or worsen due to my data breach,1
kerennn sekali saya suka canvaaaaaanya,1
sangat baik,1
mudah desain ppt,1
aplikasi nya bagusss,1
nice,1
canva bagus sih tetapi kenapa sering bug sih tanya sudah premium loo desain saya hilang kali tidak bisa di save seru jadi kerja ulang buang waktu waktu di restart malah hilang tolong baik pleaseee,0
terima kasih,1
mantap bro,1
bagus sekali karena bisa edit jadwal piket di sekolah,1
good style,1
saya sangat suka aplikasi ini,1
aplikasi sangat muas,1
bagus bisa guna untuk penting osis,1
hallo developer saya ingin kata kalau kenapa saya dowload canva buat tugas sekolah tetapi loading masuk ke canva nya lama dan tidak bisa buka di hp tolong baik lagi,0
mantul,1
keren dan mudah,1
keren,1
bagus,1
saya kasih bintang dulu kalau edit video fto dan logo nya bagus baru saya kasih bintang full,1
canva aplikasi edit baik,1
canva memang mantap sudah,1
bagus nih,1
bagus,1
mantaf,1
mudah cepat dan keren sangat bantu saya dalam dunia editing,1
bagus,1
lengkap dengan fitur fitur yang sangat mudah di aplikasi,1
kenapa pilih ukur centimeter tidak bisa di tekan tanya,0
bagus sekali dan juga simpel,1
good,1
ok,1
hel my jobs very good,1
the best,1
benar nya aplikasi sangat bagus tetapi sayang sekali sangat lambat padahal internet stabil tetapi canva ini lot sekali,1
aplikasi ini sangat bantu,1
bagus,1
top,1
canva nomor,1
lelet sangat versi mobilenyaa,0
tarik dan senang,1
nice,1
saya suka sangat sama aplikasi nya cocok buat saya jual,1
baik,1
moga selalu sehat sukses buat canva,1
ini kalau premium satu kali bayar atau bulan sih kalau satu kali bayar ya oke kapan waktu beli,1
sangat bantu,1
bagus,1
suka dan sangat bantu utama untuk mula mudah guna ada ribu template dan video yang sedia dan siap guna desain mewah dan tarik,1
sangat bantu,1
i like for apakah,1
aplikasi canva sangat perfeck,1
hapus background saja harus bayar tetapi bagus lah,0
mantappp ekspresi,1
bguss,1
bagus sekali,1
good,1
semua keren,1
online,1
sangat mudah kerja saya,1
sangat bantu kerja desain,1
sangat bangus,1
bagu juga tengks,1
mantap,1
keren aplikasi,1
mantap selalu andal,1
anak desing grafis butuh bngett ini bagus bagus,1
good,1
aplikasi sangat bagus tetapi dipakenya lot moga pihak kembang bisa segera atas masalah sebut,0
sangat bantu sekali,1
bagus sekali inti yang mau buat apa saja di sini ada,1
mantap,1
cukup baik,1
saya senang dengan canva makin terbang tinggi,1
aplikasi yang sangat manfaat sangat mudah guna,1
kacauuuuu dulu pertama bagus sekarang hadeuhhhhhh hasil edit video tidak bisa di unduh sudah nunggu jam,0
keren,1
sangat bagus,1
amazing,1
turut saya canva memeberikan nuansa yang baru dan mudah untuk editing photo dan vidio,1
isi dan lengkap fitur nya sudah bagus design nya pun agam hanya saja lambat sekali terlalu uras energi sampai emosi saya ledak karena bug yang lama tolong lah cepat baik jaring di kita sudah bagus untuk buka app lain,1
bagus bangt nih apakah tetapi masalah pas login pakai akun ajar id malah tidak bisa itu saja kurang pas sudah login malah harus update padahal sudah latest update,1
sangat bantu jadi erti guna amplikasi ini,1
sangat bantu,1
bagus,1
sangat manfaat,1
tampil sangat muas,1
mantap pokok,1
good,1
alhamdulillah dengan canva semua jadi lebih mudah,1
wow,0
bagus,1
bagus sekali saya bisa desain puas love canvaa,1
bagus sekali ini aplikasi nya,0
keren,1
cakkkepp sangat ni aplikasi,1
terima kasih canva telah mudah saya kerja tugas,1
puas sekali,1
bagus sekali aplikasi ini untuk edit foto,1
canvaa kamu tidak ada niat kasi saya premium gratis kahh t t mau buat struktur kelas tetapi canva tidak premiumm love you canvaa,1
sangat manfaat,1
aplikasi ini sangat manfaat untuk saya bagai didik dan mudah untuk guna,1
guud,1
mantap,1
mantap,1
kereeen,1
bagus tetapi suka lama ngebuka nya,1
baguss,1
bagus,1
very good app,1
bagus,1
keren kek nya wkwkwk,1
mantap bingitsz,1
sangat bantu,1
keren,1
servernya suka lot dan eror,0
keren,1
bagus,1
mantapsss,1
bagus,1
ok saja,1
aplikasi nya bagus dan mudah guna,1
bagusss sekali sumpah,1
baik,0
bagus sih tetapi banyak sekali template yang hanya bisa guna dengan premium jadi kurang muas,1
terima kasih karena telah bantu kami,1
aplikasi susah untuk edit lot lola buat buka dokumen susah minta ampun loading terus padahal saya itu tidak pakai data pakenya wifi di rumah tetapi tetap saja lola lot saran deh baik tolong nyusahin sekali kalau kaya gin buat saya ajar yang sering ada tugas dari sekolah mohon tolong baik,0
good apakah,1
bagusss,1
bagus tetapi kenapa ada hitam yang pro ya tanya itu buat apa tanya,1
mantap,1
baguss,1
bagus,1
googd,1
lucu,1
bagus tetapi sering lag,1
aplikasi jalan sangat lambat,0
ke install nya lama sekali,0
oke sekali,1
loading nya lama sekali,0
keren,1
sangat maknjaaa,1
rekomendasi sekali karena sudah komplit semua,1
bagus dan mudah saya,1
bagus manfaat,1
aplikasi yang sangat bagus,1
mantapp jiwa,1
sementara ini aplikasi bagus tidak ada masalah tetap tahan good job,1
mantabe mudah guna,1
mantap,1
keren,1
lumayan,1
bagus,1
aplikasi nya keren bngett,1
sangat bagus,1
mantap,1
sangat bagus dan tidak ada iklan,1
aplikasi sangat buruk karena lot padahal jaringanya bagus,0
good canva,1
baguus,1
masih ajar jadi belum terlalu bisa,1
apakah nya sangat bagus sekali,1
bagus,1
kerenn cuyy apakah nyaa guna sangat buat bikin struktur begituu anjaaaayyyy,1
alam seru pakai canva,1
pas mau masuk ke room edit malah closed,0
sangat bantu,1
bagus sekali aplikasi ini,1
baguss template nya juga lucu lucu,1
sangat bagus untuk di pakai,1
sangat bantu dalam tugas edit saya terima kasih canva,1
kalau mau pakai aplikasi susah sekali padahal mau ngedit hari itu juga tidak jadi,0
canva mirip nya baik sekali sama saya saya ricxquees yang rendah tetapi pas saya liat hasil lumayan,1
bagua,1
belum bisa guna nya,1
gampang buat desain apa pokok ajar wajib sekali pakai apakah ini,1
baru di coba mudah n bagus,1
sangat bantu saat buat poster tugas,1
kalian wajib download karana fitur nya bagus terima kasih saya jadi suka terima kasih banyak sudah ada fitur fitur lain,1
baik,0
bagus sangat saya bisa pakai,1
aplikasi yang sangat bantu bintang,1
sangat bantu sekali aplikasi,1
easy and simple to operate,1
terima kasih telah batu presentasi kami,1
bagus sekali,1
bagus sangat,1
baguuss,1
keren,1
mudah,1
gg buat gambar postur iklan dan lain lain dalam kerja tugas sekolah btw saya masih smp,1
sangat bantu saya,1
bagus hasil,1
mayan bantu aamiin,1
memang jempol ya thank yak,1
good,1
ihhh suka sangat saya sama aplikasi ini,1
lopeeeeee,1
ok,1
mantap,1
sangat mudah dan manfaat,1
canva baik,1
aplikasi bagus,1
sangat baguss,1
aplikasi nya bagus buat ngedit maupun buat tamplet buat cv,1
kerenaih,1
aplikasi yang benar benar bagus,1
apakah mantap dan ringan untuk pakai,1
ok,1
aplikasi ini bagus dapat bantu siswa yang ingin buat desain cover buku tolong lebih kembang lagi ini sudah sangat bagus kok semangat ya,1
canva selalu yang baik,0
canva keren,1
i think this is quite good for editing photos and so on but there are several shortcomings that might not be a problem for me,1
canva aplikasi edit baik turut karena untuk edit foto lebih banyak pilih dan banyak template tarik seru,1
bagus,1
mantapppll,1
bagus tetapi kurang au ah bingung ngejelasin nya,1
sangat mudah untuk edit,1
guna bangettt,1
andry kasih bntang dulu,0
canva bagus buat ngedit tugas saya sering pakai kalau butuh,1
aplikasi sangat manfaat,1
bagusss trusss muas bisa bantu saya dalam kerja eja sekolah,1
sangat bantu buat kerja hari hari bagai desainer mula pokok best,1
bagus tidak banyak iklan,1
manfaat sekali untuk saya yang masih ajar jadi tahu banyak hal,1
ngeleg,0
ok baik sekali,1
burem,0
mudah dan cerdas,1
ketika di download selalu loadingnya luama sangat tetap tidak bisa,0
nice,1
sangat baik,1
saya suka sama desain nya bagus bagus semua tetapi harus bayar,1
bagus tetapi kalau lagi buat kadang ada yang ngeblenk,1
saya sukah,1
oke,1
sangat bantu untuk bikin ppt,1
sangat bantu,1
mantap mantap mantap mantap mantap,1
sinyal padahal bagus hanya gagal gagal terus bikin emosi,0
aplikasi lag padahal jaring bagus bikin emosi saja,0
bagus sekali meski awal bikin pusing soal tidak paham,1
sungguh gembira dapat cipta karya yang takjub di canva,1
mantap untuk guru,1
aplikasi ini benar bagus tetapi lag nya terlalu parah loading terlalu lama padahal saya guna untuk aplikasi lain yang lebih berat lacar lancar saja mau sampai kapan aplikasi ini masih mah loading nya lama terus dan banyak bug tanya mohon di balas developer saya ingin tahu jawab anda developer,0
bagus,1
aplikasi ini bagus saya sangat suka,1
baguss,1
sangat puas dan sangt bantu,1
aplikasi mudah di guna dalam hal edit dan sangat bantu sekali,1
app yang sangat bantu,1
top,1
aplikasi yang mudah jalan,1
aplikasi terbaikkk dan favorit saya,1
good,1
bagus,1
luar ekspektasi,0
aplikasi sangat lot buang waktu tunggu gambar buka padahal jaring bagus memori banyak baru saja di baru kecewa sama canva padahal dulu masih oke tetapi sekarang malah makin lot,0
ok,1
ka saya mau tanya waktu tambah foto ko tidak bisa bagaimana cara,0
terima kasih banyak sekali aplikasi canva ini sangat bantu saya,1
